"cohort_month","month","total_companies","retained_companies","retention_rate"
"2019-01-01 00:00:00-05","2019-01-01 00:00:00-05","254","254","100.00000000000000000000"
"2019-01-01 00:00:00-05","2019-02-01 00:00:00-05","254","253","99.60629921259842519700"
"2019-01-01 00:00:00-05","2019-03-01 00:00:00-05","254","252","99.21259842519685039400"
"2019-01-01 00:00:00-05","2019-04-01 00:00:00-05","254","245","96.45669291338582677200"
"2019-01-01 00:00:00-05","2019-05-01 00:00:00-05","254","240","94.48818897637795275600"
"2019-01-01 00:00:00-05","2019-06-01 00:00:00-05","254","234","92.12598425196850393700"
"2019-01-01 00:00:00-05","2019-07-01 00:00:00-05","254","233","91.73228346456692913400"
"2019-01-01 00:00:00-05","2019-08-01 00:00:00-05","254","230","90.55118110236220472400"
"2019-01-01 00:00:00-05","2019-09-01 00:00:00-05","254","226","88.97637795275590551200"
"2019-01-01 00:00:00-05","2019-10-01 00:00:00-05","254","223","87.79527559055118110200"
"2019-01-01 00:00:00-05","2019-11-01 00:00:00-05","254","222","87.40157480314960629900"
"2019-01-01 00:00:00-05","2019-12-01 00:00:00-05","254","222","87.40157480314960629900"
"2019-01-01 00:00:00-05","2020-01-01 00:00:00-05","254","222","87.40157480314960629900"
"2019-01-01 00:00:00-05","2020-02-01 00:00:00-05","254","221","87.00787401574803149600"
"2019-01-01 00:00:00-05","2020-03-01 00:00:00-05","254","219","86.22047244094488189000"
"2019-01-01 00:00:00-05","2020-04-01 00:00:00-05","254","217","85.43307086614173228300"
"2019-01-01 00:00:00-05","2020-05-01 00:00:00-05","254","216","85.03937007874015748000"
"2019-01-01 00:00:00-05","2020-06-01 00:00:00-05","254","214","84.25196850393700787400"
"2019-01-01 00:00:00-05","2020-07-01 00:00:00-05","254","213","83.85826771653543307100"
"2019-01-01 00:00:00-05","2020-08-01 00:00:00-05","254","213","83.85826771653543307100"
"2019-01-01 00:00:00-05","2020-09-01 00:00:00-05","254","211","83.07086614173228346500"
"2019-01-01 00:00:00-05","2020-10-01 00:00:00-05","254","210","82.67716535433070866100"
"2019-01-01 00:00:00-05","2020-11-01 00:00:00-05","254","210","82.67716535433070866100"
"2019-01-01 00:00:00-05","2020-12-01 00:00:00-05","254","209","82.28346456692913385800"
"2019-01-01 00:00:00-05","2021-01-01 00:00:00-05","254","209","82.28346456692913385800"
"2019-01-01 00:00:00-05","2021-02-01 00:00:00-05","254","209","82.28346456692913385800"
"2019-01-01 00:00:00-05","2021-03-01 00:00:00-05","254","209","82.28346456692913385800"
"2019-01-01 00:00:00-05","2021-04-01 00:00:00-05","254","209","82.28346456692913385800"
"2019-01-01 00:00:00-05","2021-05-01 00:00:00-05","254","209","82.28346456692913385800"
"2019-01-01 00:00:00-05","2021-06-01 00:00:00-05","254","209","82.28346456692913385800"
"2019-01-01 00:00:00-05","2021-07-01 00:00:00-05","254","209","82.28346456692913385800"
"2019-01-01 00:00:00-05","2021-08-01 00:00:00-05","254","209","82.28346456692913385800"
"2019-01-01 00:00:00-05","2021-09-01 00:00:00-05","254","209","82.28346456692913385800"
"2019-01-01 00:00:00-05","2021-10-01 00:00:00-05","254","209","82.28346456692913385800"
"2019-01-01 00:00:00-05","2021-11-01 00:00:00-05","254","209","82.28346456692913385800"
"2019-01-01 00:00:00-05","2021-12-01 00:00:00-05","254","209","82.28346456692913385800"
"2019-01-01 00:00:00-05","2022-01-01 00:00:00-05","254","209","82.28346456692913385800"
"2019-01-01 00:00:00-05","2022-02-01 00:00:00-05","254","209","82.28346456692913385800"
"2019-01-01 00:00:00-05","2022-03-01 00:00:00-05","254","209","82.28346456692913385800"
"2019-01-01 00:00:00-05","2022-04-01 00:00:00-05","254","209","82.28346456692913385800"
"2019-02-01 00:00:00-05","2019-02-01 00:00:00-05","231","231","100.00000000000000000000"
"2019-02-01 00:00:00-05","2019-03-01 00:00:00-05","231","227","98.26839826839826839800"
"2019-02-01 00:00:00-05","2019-04-01 00:00:00-05","231","226","97.83549783549783549800"
"2019-02-01 00:00:00-05","2019-05-01 00:00:00-05","231","219","94.80519480519480519500"
"2019-02-01 00:00:00-05","2019-06-01 00:00:00-05","231","213","92.20779220779220779200"
"2019-02-01 00:00:00-05","2019-07-01 00:00:00-05","231","210","90.90909090909090909100"
"2019-02-01 00:00:00-05","2019-08-01 00:00:00-05","231","206","89.17748917748917748900"
"2019-02-01 00:00:00-05","2019-09-01 00:00:00-05","231","203","87.87878787878787878800"
"2019-02-01 00:00:00-05","2019-10-01 00:00:00-05","231","201","87.01298701298701298700"
"2019-02-01 00:00:00-05","2019-11-01 00:00:00-05","231","199","86.14718614718614718600"
"2019-02-01 00:00:00-05","2019-12-01 00:00:00-05","231","199","86.14718614718614718600"
"2019-02-01 00:00:00-05","2020-01-01 00:00:00-05","231","198","85.71428571428571428600"
"2019-02-01 00:00:00-05","2020-02-01 00:00:00-05","231","195","84.41558441558441558400"
"2019-02-01 00:00:00-05","2020-03-01 00:00:00-05","231","194","83.98268398268398268400"
"2019-02-01 00:00:00-05","2020-04-01 00:00:00-05","231","190","82.25108225108225108200"
"2019-02-01 00:00:00-05","2020-05-01 00:00:00-05","231","186","80.51948051948051948100"
"2019-02-01 00:00:00-05","2020-06-01 00:00:00-05","231","186","80.51948051948051948100"
"2019-02-01 00:00:00-05","2020-07-01 00:00:00-05","231","185","80.08658008658008658000"
"2019-02-01 00:00:00-05","2020-08-01 00:00:00-05","231","185","80.08658008658008658000"
"2019-02-01 00:00:00-05","2020-09-01 00:00:00-05","231","184","79.65367965367965368000"
"2019-02-01 00:00:00-05","2020-10-01 00:00:00-05","231","183","79.22077922077922077900"
"2019-02-01 00:00:00-05","2020-11-01 00:00:00-05","231","183","79.22077922077922077900"
"2019-02-01 00:00:00-05","2020-12-01 00:00:00-05","231","181","78.35497835497835497800"
"2019-02-01 00:00:00-05","2021-01-01 00:00:00-05","231","180","77.92207792207792207800"
"2019-02-01 00:00:00-05","2021-02-01 00:00:00-05","231","180","77.92207792207792207800"
"2019-02-01 00:00:00-05","2021-03-01 00:00:00-05","231","180","77.92207792207792207800"
"2019-02-01 00:00:00-05","2021-04-01 00:00:00-05","231","179","77.48917748917748917700"
"2019-02-01 00:00:00-05","2021-05-01 00:00:00-05","231","179","77.48917748917748917700"
"2019-02-01 00:00:00-05","2021-06-01 00:00:00-05","231","179","77.48917748917748917700"
"2019-02-01 00:00:00-05","2021-07-01 00:00:00-05","231","179","77.48917748917748917700"
"2019-02-01 00:00:00-05","2021-08-01 00:00:00-05","231","179","77.48917748917748917700"
"2019-02-01 00:00:00-05","2021-09-01 00:00:00-05","231","179","77.48917748917748917700"
"2019-02-01 00:00:00-05","2021-10-01 00:00:00-05","231","179","77.48917748917748917700"
"2019-02-01 00:00:00-05","2021-11-01 00:00:00-05","231","179","77.48917748917748917700"
"2019-02-01 00:00:00-05","2021-12-01 00:00:00-05","231","179","77.48917748917748917700"
"2019-02-01 00:00:00-05","2022-01-01 00:00:00-05","231","179","77.48917748917748917700"
"2019-02-01 00:00:00-05","2022-02-01 00:00:00-05","231","179","77.48917748917748917700"
"2019-02-01 00:00:00-05","2022-03-01 00:00:00-05","231","179","77.48917748917748917700"
"2019-02-01 00:00:00-05","2022-04-01 00:00:00-05","231","179","77.48917748917748917700"
"2019-03-01 00:00:00-05","2019-03-01 00:00:00-05","253","253","100.00000000000000000000"
"2019-03-01 00:00:00-05","2019-04-01 00:00:00-05","253","253","100.00000000000000000000"
"2019-03-01 00:00:00-05","2019-05-01 00:00:00-05","253","253","100.00000000000000000000"
"2019-03-01 00:00:00-05","2019-06-01 00:00:00-05","253","249","98.41897233201581027700"
"2019-03-01 00:00:00-05","2019-07-01 00:00:00-05","253","244","96.44268774703557312300"
"2019-03-01 00:00:00-05","2019-08-01 00:00:00-05","253","239","94.46640316205533596800"
"2019-03-01 00:00:00-05","2019-09-01 00:00:00-05","253","236","93.28063241106719367600"
"2019-03-01 00:00:00-05","2019-10-01 00:00:00-05","253","234","92.49011857707509881400"
"2019-03-01 00:00:00-05","2019-11-01 00:00:00-05","253","233","92.09486166007905138300"
"2019-03-01 00:00:00-05","2019-12-01 00:00:00-05","253","233","92.09486166007905138300"
"2019-03-01 00:00:00-05","2020-01-01 00:00:00-05","253","233","92.09486166007905138300"
"2019-03-01 00:00:00-05","2020-02-01 00:00:00-05","253","233","92.09486166007905138300"
"2019-03-01 00:00:00-05","2020-03-01 00:00:00-05","253","230","90.90909090909090909100"
"2019-03-01 00:00:00-05","2020-04-01 00:00:00-05","253","228","90.11857707509881422900"
"2019-03-01 00:00:00-05","2020-05-01 00:00:00-05","253","227","89.72332015810276679800"
"2019-03-01 00:00:00-05","2020-06-01 00:00:00-05","253","227","89.72332015810276679800"
"2019-03-01 00:00:00-05","2020-07-01 00:00:00-05","253","225","88.93280632411067193700"
"2019-03-01 00:00:00-05","2020-08-01 00:00:00-05","253","224","88.53754940711462450600"
"2019-03-01 00:00:00-05","2020-09-01 00:00:00-05","253","222","87.74703557312252964400"
"2019-03-01 00:00:00-05","2020-10-01 00:00:00-05","253","222","87.74703557312252964400"
"2019-03-01 00:00:00-05","2020-11-01 00:00:00-05","253","221","87.35177865612648221300"
"2019-03-01 00:00:00-05","2020-12-01 00:00:00-05","253","221","87.35177865612648221300"
"2019-03-01 00:00:00-05","2021-01-01 00:00:00-05","253","221","87.35177865612648221300"
"2019-03-01 00:00:00-05","2021-02-01 00:00:00-05","253","221","87.35177865612648221300"
"2019-03-01 00:00:00-05","2021-03-01 00:00:00-05","253","220","86.95652173913043478300"
"2019-03-01 00:00:00-05","2021-04-01 00:00:00-05","253","220","86.95652173913043478300"
"2019-03-01 00:00:00-05","2021-05-01 00:00:00-05","253","219","86.56126482213438735200"
"2019-03-01 00:00:00-05","2021-06-01 00:00:00-05","253","219","86.56126482213438735200"
"2019-03-01 00:00:00-05","2021-07-01 00:00:00-05","253","218","86.16600790513833992100"
"2019-03-01 00:00:00-05","2021-08-01 00:00:00-05","253","218","86.16600790513833992100"
"2019-03-01 00:00:00-05","2021-09-01 00:00:00-05","253","218","86.16600790513833992100"
"2019-03-01 00:00:00-05","2021-10-01 00:00:00-05","253","218","86.16600790513833992100"
"2019-03-01 00:00:00-05","2021-11-01 00:00:00-05","253","218","86.16600790513833992100"
"2019-03-01 00:00:00-05","2021-12-01 00:00:00-05","253","218","86.16600790513833992100"
"2019-03-01 00:00:00-05","2022-01-01 00:00:00-05","253","218","86.16600790513833992100"
"2019-03-01 00:00:00-05","2022-02-01 00:00:00-05","253","218","86.16600790513833992100"
"2019-03-01 00:00:00-05","2022-03-01 00:00:00-05","253","218","86.16600790513833992100"
"2019-03-01 00:00:00-05","2022-04-01 00:00:00-05","253","218","86.16600790513833992100"
"2019-04-01 00:00:00-05","2019-04-01 00:00:00-05","259","259","100.00000000000000000000"
"2019-04-01 00:00:00-05","2019-05-01 00:00:00-05","259","258","99.61389961389961390000"
"2019-04-01 00:00:00-05","2019-06-01 00:00:00-05","259","254","98.06949806949806949800"
"2019-04-01 00:00:00-05","2019-07-01 00:00:00-05","259","251","96.91119691119691119700"
"2019-04-01 00:00:00-05","2019-08-01 00:00:00-05","259","244","94.20849420849420849400"
"2019-04-01 00:00:00-05","2019-09-01 00:00:00-05","259","240","92.66409266409266409300"
"2019-04-01 00:00:00-05","2019-10-01 00:00:00-05","259","234","90.34749034749034749000"
"2019-04-01 00:00:00-05","2019-11-01 00:00:00-05","259","232","89.57528957528957529000"
"2019-04-01 00:00:00-05","2019-12-01 00:00:00-05","259","232","89.57528957528957529000"
"2019-04-01 00:00:00-05","2020-01-01 00:00:00-05","259","232","89.57528957528957529000"
"2019-04-01 00:00:00-05","2020-02-01 00:00:00-05","259","231","89.18918918918918918900"
"2019-04-01 00:00:00-05","2020-03-01 00:00:00-05","259","229","88.41698841698841698800"
"2019-04-01 00:00:00-05","2020-04-01 00:00:00-05","259","229","88.41698841698841698800"
"2019-04-01 00:00:00-05","2020-05-01 00:00:00-05","259","227","87.64478764478764478800"
"2019-04-01 00:00:00-05","2020-06-01 00:00:00-05","259","224","86.48648648648648648600"
"2019-04-01 00:00:00-05","2020-07-01 00:00:00-05","259","222","85.71428571428571428600"
"2019-04-01 00:00:00-05","2020-08-01 00:00:00-05","259","221","85.32818532818532818500"
"2019-04-01 00:00:00-05","2020-09-01 00:00:00-05","259","219","84.55598455598455598500"
"2019-04-01 00:00:00-05","2020-10-01 00:00:00-05","259","218","84.16988416988416988400"
"2019-04-01 00:00:00-05","2020-11-01 00:00:00-05","259","216","83.39768339768339768300"
"2019-04-01 00:00:00-05","2020-12-01 00:00:00-05","259","215","83.01158301158301158300"
"2019-04-01 00:00:00-05","2021-01-01 00:00:00-05","259","215","83.01158301158301158300"
"2019-04-01 00:00:00-05","2021-02-01 00:00:00-05","259","215","83.01158301158301158300"
"2019-04-01 00:00:00-05","2021-03-01 00:00:00-05","259","214","82.62548262548262548300"
"2019-04-01 00:00:00-05","2021-04-01 00:00:00-05","259","214","82.62548262548262548300"
"2019-04-01 00:00:00-05","2021-05-01 00:00:00-05","259","212","81.85328185328185328200"
"2019-04-01 00:00:00-05","2021-06-01 00:00:00-05","259","211","81.46718146718146718100"
"2019-04-01 00:00:00-05","2021-07-01 00:00:00-05","259","210","81.08108108108108108100"
"2019-04-01 00:00:00-05","2021-08-01 00:00:00-05","259","210","81.08108108108108108100"
"2019-04-01 00:00:00-05","2021-09-01 00:00:00-05","259","210","81.08108108108108108100"
"2019-04-01 00:00:00-05","2021-10-01 00:00:00-05","259","210","81.08108108108108108100"
"2019-04-01 00:00:00-05","2021-11-01 00:00:00-05","259","210","81.08108108108108108100"
"2019-04-01 00:00:00-05","2021-12-01 00:00:00-05","259","210","81.08108108108108108100"
"2019-04-01 00:00:00-05","2022-01-01 00:00:00-05","259","210","81.08108108108108108100"
"2019-04-01 00:00:00-05","2022-02-01 00:00:00-05","259","210","81.08108108108108108100"
"2019-04-01 00:00:00-05","2022-03-01 00:00:00-05","259","210","81.08108108108108108100"
"2019-04-01 00:00:00-05","2022-04-01 00:00:00-05","259","210","81.08108108108108108100"
"2019-05-01 00:00:00-05","2019-05-01 00:00:00-05","274","274","100.00000000000000000000"
"2019-05-01 00:00:00-05","2019-06-01 00:00:00-05","274","273","99.63503649635036496400"
"2019-05-01 00:00:00-05","2019-07-01 00:00:00-05","274","270","98.54014598540145985400"
"2019-05-01 00:00:00-05","2019-08-01 00:00:00-05","274","261","95.25547445255474452600"
"2019-05-01 00:00:00-05","2019-09-01 00:00:00-05","274","258","94.16058394160583941600"
"2019-05-01 00:00:00-05","2019-10-01 00:00:00-05","274","252","91.97080291970802919700"
"2019-05-01 00:00:00-05","2019-11-01 00:00:00-05","274","248","90.51094890510948905100"
"2019-05-01 00:00:00-05","2019-12-01 00:00:00-05","274","246","89.78102189781021897800"
"2019-05-01 00:00:00-05","2020-01-01 00:00:00-05","274","243","88.68613138686131386900"
"2019-05-01 00:00:00-05","2020-02-01 00:00:00-05","274","242","88.32116788321167883200"
"2019-05-01 00:00:00-05","2020-03-01 00:00:00-05","274","241","87.95620437956204379600"
"2019-05-01 00:00:00-05","2020-04-01 00:00:00-05","274","240","87.59124087591240875900"
"2019-05-01 00:00:00-05","2020-05-01 00:00:00-05","274","238","86.86131386861313868600"
"2019-05-01 00:00:00-05","2020-06-01 00:00:00-05","274","235","85.76642335766423357700"
"2019-05-01 00:00:00-05","2020-07-01 00:00:00-05","274","234","85.40145985401459854000"
"2019-05-01 00:00:00-05","2020-08-01 00:00:00-05","274","234","85.40145985401459854000"
"2019-05-01 00:00:00-05","2020-09-01 00:00:00-05","274","234","85.40145985401459854000"
"2019-05-01 00:00:00-05","2020-10-01 00:00:00-05","274","233","85.03649635036496350400"
"2019-05-01 00:00:00-05","2020-11-01 00:00:00-05","274","232","84.67153284671532846700"
"2019-05-01 00:00:00-05","2020-12-01 00:00:00-05","274","230","83.94160583941605839400"
"2019-05-01 00:00:00-05","2021-01-01 00:00:00-05","274","230","83.94160583941605839400"
"2019-05-01 00:00:00-05","2021-02-01 00:00:00-05","274","230","83.94160583941605839400"
"2019-05-01 00:00:00-05","2021-03-01 00:00:00-05","274","230","83.94160583941605839400"
"2019-05-01 00:00:00-05","2021-04-01 00:00:00-05","274","230","83.94160583941605839400"
"2019-05-01 00:00:00-05","2021-05-01 00:00:00-05","274","229","83.57664233576642335800"
"2019-05-01 00:00:00-05","2021-06-01 00:00:00-05","274","229","83.57664233576642335800"
"2019-05-01 00:00:00-05","2021-07-01 00:00:00-05","274","229","83.57664233576642335800"
"2019-05-01 00:00:00-05","2021-08-01 00:00:00-05","274","227","82.84671532846715328500"
"2019-05-01 00:00:00-05","2021-09-01 00:00:00-05","274","227","82.84671532846715328500"
"2019-05-01 00:00:00-05","2021-10-01 00:00:00-05","274","226","82.48175182481751824800"
"2019-05-01 00:00:00-05","2021-11-01 00:00:00-05","274","226","82.48175182481751824800"
"2019-05-01 00:00:00-05","2021-12-01 00:00:00-05","274","226","82.48175182481751824800"
"2019-05-01 00:00:00-05","2022-01-01 00:00:00-05","274","226","82.48175182481751824800"
"2019-05-01 00:00:00-05","2022-02-01 00:00:00-05","274","226","82.48175182481751824800"
"2019-05-01 00:00:00-05","2022-03-01 00:00:00-05","274","226","82.48175182481751824800"
"2019-05-01 00:00:00-05","2022-04-01 00:00:00-05","274","226","82.48175182481751824800"
"2019-06-01 00:00:00-05","2019-06-01 00:00:00-05","250","250","100.00000000000000000000"
"2019-06-01 00:00:00-05","2019-07-01 00:00:00-05","250","250","100.00000000000000000000"
"2019-06-01 00:00:00-05","2019-08-01 00:00:00-05","250","249","99.60000000000000000000"
"2019-06-01 00:00:00-05","2019-09-01 00:00:00-05","250","241","96.40000000000000000000"
"2019-06-01 00:00:00-05","2019-10-01 00:00:00-05","250","235","94.00000000000000000000"
"2019-06-01 00:00:00-05","2019-11-01 00:00:00-05","250","228","91.20000000000000000000"
"2019-06-01 00:00:00-05","2019-12-01 00:00:00-05","250","227","90.80000000000000000000"
"2019-06-01 00:00:00-05","2020-01-01 00:00:00-05","250","225","90.00000000000000000000"
"2019-06-01 00:00:00-05","2020-02-01 00:00:00-05","250","217","86.80000000000000000000"
"2019-06-01 00:00:00-05","2020-03-01 00:00:00-05","250","214","85.60000000000000000000"
"2019-06-01 00:00:00-05","2020-04-01 00:00:00-05","250","214","85.60000000000000000000"
"2019-06-01 00:00:00-05","2020-05-01 00:00:00-05","250","211","84.40000000000000000000"
"2019-06-01 00:00:00-05","2020-06-01 00:00:00-05","250","210","84.00000000000000000000"
"2019-06-01 00:00:00-05","2020-07-01 00:00:00-05","250","209","83.60000000000000000000"
"2019-06-01 00:00:00-05","2020-08-01 00:00:00-05","250","208","83.20000000000000000000"
"2019-06-01 00:00:00-05","2020-09-01 00:00:00-05","250","208","83.20000000000000000000"
"2019-06-01 00:00:00-05","2020-10-01 00:00:00-05","250","206","82.40000000000000000000"
"2019-06-01 00:00:00-05","2020-11-01 00:00:00-05","250","206","82.40000000000000000000"
"2019-06-01 00:00:00-05","2020-12-01 00:00:00-05","250","202","80.80000000000000000000"
"2019-06-01 00:00:00-05","2021-01-01 00:00:00-05","250","199","79.60000000000000000000"
"2019-06-01 00:00:00-05","2021-02-01 00:00:00-05","250","199","79.60000000000000000000"
"2019-06-01 00:00:00-05","2021-03-01 00:00:00-05","250","199","79.60000000000000000000"
"2019-06-01 00:00:00-05","2021-04-01 00:00:00-05","250","199","79.60000000000000000000"
"2019-06-01 00:00:00-05","2021-05-01 00:00:00-05","250","199","79.60000000000000000000"
"2019-06-01 00:00:00-05","2021-06-01 00:00:00-05","250","199","79.60000000000000000000"
"2019-06-01 00:00:00-05","2021-07-01 00:00:00-05","250","199","79.60000000000000000000"
"2019-06-01 00:00:00-05","2021-08-01 00:00:00-05","250","199","79.60000000000000000000"
"2019-06-01 00:00:00-05","2021-09-01 00:00:00-05","250","199","79.60000000000000000000"
"2019-06-01 00:00:00-05","2021-10-01 00:00:00-05","250","199","79.60000000000000000000"
"2019-06-01 00:00:00-05","2021-11-01 00:00:00-05","250","198","79.20000000000000000000"
"2019-06-01 00:00:00-05","2021-12-01 00:00:00-05","250","198","79.20000000000000000000"
"2019-06-01 00:00:00-05","2022-01-01 00:00:00-05","250","198","79.20000000000000000000"
"2019-06-01 00:00:00-05","2022-02-01 00:00:00-05","250","198","79.20000000000000000000"
"2019-06-01 00:00:00-05","2022-03-01 00:00:00-05","250","198","79.20000000000000000000"
"2019-06-01 00:00:00-05","2022-04-01 00:00:00-05","250","198","79.20000000000000000000"
"2019-07-01 00:00:00-05","2019-07-01 00:00:00-05","270","270","100.00000000000000000000"
"2019-07-01 00:00:00-05","2019-08-01 00:00:00-05","270","266","98.51851851851851851900"
"2019-07-01 00:00:00-05","2019-09-01 00:00:00-05","270","263","97.40740740740740740700"
"2019-07-01 00:00:00-05","2019-10-01 00:00:00-05","270","255","94.44444444444444444400"
"2019-07-01 00:00:00-05","2019-11-01 00:00:00-05","270","249","92.22222222222222222200"
"2019-07-01 00:00:00-05","2019-12-01 00:00:00-05","270","246","91.11111111111111111100"
"2019-07-01 00:00:00-05","2020-01-01 00:00:00-05","270","243","90.00000000000000000000"
"2019-07-01 00:00:00-05","2020-02-01 00:00:00-05","270","238","88.14814814814814814800"
"2019-07-01 00:00:00-05","2020-03-01 00:00:00-05","270","236","87.40740740740740740700"
"2019-07-01 00:00:00-05","2020-04-01 00:00:00-05","270","233","86.29629629629629629600"
"2019-07-01 00:00:00-05","2020-05-01 00:00:00-05","270","230","85.18518518518518518500"
"2019-07-01 00:00:00-05","2020-06-01 00:00:00-05","270","229","84.81481481481481481500"
"2019-07-01 00:00:00-05","2020-07-01 00:00:00-05","270","228","84.44444444444444444400"
"2019-07-01 00:00:00-05","2020-08-01 00:00:00-05","270","226","83.70370370370370370400"
"2019-07-01 00:00:00-05","2020-09-01 00:00:00-05","270","224","82.96296296296296296300"
"2019-07-01 00:00:00-05","2020-10-01 00:00:00-05","270","223","82.59259259259259259300"
"2019-07-01 00:00:00-05","2020-11-01 00:00:00-05","270","222","82.22222222222222222200"
"2019-07-01 00:00:00-05","2020-12-01 00:00:00-05","270","220","81.48148148148148148100"
"2019-07-01 00:00:00-05","2021-01-01 00:00:00-05","270","217","80.37037037037037037000"
"2019-07-01 00:00:00-05","2021-02-01 00:00:00-05","270","215","79.62962962962962963000"
"2019-07-01 00:00:00-05","2021-03-01 00:00:00-05","270","212","78.51851851851851851900"
"2019-07-01 00:00:00-05","2021-04-01 00:00:00-05","270","209","77.40740740740740740700"
"2019-07-01 00:00:00-05","2021-05-01 00:00:00-05","270","208","77.03703703703703703700"
"2019-07-01 00:00:00-05","2021-06-01 00:00:00-05","270","206","76.29629629629629629600"
"2019-07-01 00:00:00-05","2021-07-01 00:00:00-05","270","204","75.55555555555555555600"
"2019-07-01 00:00:00-05","2021-08-01 00:00:00-05","270","202","74.81481481481481481500"
"2019-07-01 00:00:00-05","2021-09-01 00:00:00-05","270","200","74.07407407407407407400"
"2019-07-01 00:00:00-05","2021-10-01 00:00:00-05","270","198","73.33333333333333333300"
"2019-07-01 00:00:00-05","2021-11-01 00:00:00-05","270","198","73.33333333333333333300"
"2019-07-01 00:00:00-05","2021-12-01 00:00:00-05","270","198","73.33333333333333333300"
"2019-07-01 00:00:00-05","2022-01-01 00:00:00-05","270","198","73.33333333333333333300"
"2019-07-01 00:00:00-05","2022-02-01 00:00:00-05","270","198","73.33333333333333333300"
"2019-07-01 00:00:00-05","2022-03-01 00:00:00-05","270","198","73.33333333333333333300"
"2019-07-01 00:00:00-05","2022-04-01 00:00:00-05","270","198","73.33333333333333333300"
"2019-08-01 00:00:00-05","2019-08-01 00:00:00-05","242","242","100.00000000000000000000"
"2019-08-01 00:00:00-05","2019-09-01 00:00:00-05","242","241","99.58677685950413223100"
"2019-08-01 00:00:00-05","2019-10-01 00:00:00-05","242","238","98.34710743801652892600"
"2019-08-01 00:00:00-05","2019-11-01 00:00:00-05","242","230","95.04132231404958677700"
"2019-08-01 00:00:00-05","2019-12-01 00:00:00-05","242","225","92.97520661157024793400"
"2019-08-01 00:00:00-05","2020-01-01 00:00:00-05","242","224","92.56198347107438016500"
"2019-08-01 00:00:00-05","2020-02-01 00:00:00-05","242","219","90.49586776859504132200"
"2019-08-01 00:00:00-05","2020-03-01 00:00:00-05","242","217","89.66942148760330578500"
"2019-08-01 00:00:00-05","2020-04-01 00:00:00-05","242","216","89.25619834710743801700"
"2019-08-01 00:00:00-05","2020-05-01 00:00:00-05","242","214","88.42975206611570247900"
"2019-08-01 00:00:00-05","2020-06-01 00:00:00-05","242","214","88.42975206611570247900"
"2019-08-01 00:00:00-05","2020-07-01 00:00:00-05","242","214","88.42975206611570247900"
"2019-08-01 00:00:00-05","2020-08-01 00:00:00-05","242","214","88.42975206611570247900"
"2019-08-01 00:00:00-05","2020-09-01 00:00:00-05","242","213","88.01652892561983471100"
"2019-08-01 00:00:00-05","2020-10-01 00:00:00-05","242","213","88.01652892561983471100"
"2019-08-01 00:00:00-05","2020-11-01 00:00:00-05","242","213","88.01652892561983471100"
"2019-08-01 00:00:00-05","2020-12-01 00:00:00-05","242","212","87.60330578512396694200"
"2019-08-01 00:00:00-05","2021-01-01 00:00:00-05","242","212","87.60330578512396694200"
"2019-08-01 00:00:00-05","2021-02-01 00:00:00-05","242","211","87.19008264462809917400"
"2019-08-01 00:00:00-05","2021-03-01 00:00:00-05","242","210","86.77685950413223140500"
"2019-08-01 00:00:00-05","2021-04-01 00:00:00-05","242","210","86.77685950413223140500"
"2019-08-01 00:00:00-05","2021-05-01 00:00:00-05","242","209","86.36363636363636363600"
"2019-08-01 00:00:00-05","2021-06-01 00:00:00-05","242","207","85.53719008264462809900"
"2019-08-01 00:00:00-05","2021-07-01 00:00:00-05","242","206","85.12396694214876033100"
"2019-08-01 00:00:00-05","2021-08-01 00:00:00-05","242","206","85.12396694214876033100"
"2019-08-01 00:00:00-05","2021-09-01 00:00:00-05","242","206","85.12396694214876033100"
"2019-08-01 00:00:00-05","2021-10-01 00:00:00-05","242","206","85.12396694214876033100"
"2019-08-01 00:00:00-05","2021-11-01 00:00:00-05","242","204","84.29752066115702479300"
"2019-08-01 00:00:00-05","2021-12-01 00:00:00-05","242","204","84.29752066115702479300"
"2019-08-01 00:00:00-05","2022-01-01 00:00:00-05","242","204","84.29752066115702479300"
"2019-08-01 00:00:00-05","2022-02-01 00:00:00-05","242","204","84.29752066115702479300"
"2019-08-01 00:00:00-05","2022-03-01 00:00:00-05","242","204","84.29752066115702479300"
"2019-08-01 00:00:00-05","2022-04-01 00:00:00-05","242","204","84.29752066115702479300"
"2019-09-01 00:00:00-05","2019-09-01 00:00:00-05","240","240","100.00000000000000000000"
"2019-09-01 00:00:00-05","2019-10-01 00:00:00-05","240","240","100.00000000000000000000"
"2019-09-01 00:00:00-05","2019-11-01 00:00:00-05","240","234","97.50000000000000000000"
"2019-09-01 00:00:00-05","2019-12-01 00:00:00-05","240","232","96.66666666666666666700"
"2019-09-01 00:00:00-05","2020-01-01 00:00:00-05","240","227","94.58333333333333333300"
"2019-09-01 00:00:00-05","2020-02-01 00:00:00-05","240","219","91.25000000000000000000"
"2019-09-01 00:00:00-05","2020-03-01 00:00:00-05","240","217","90.41666666666666666700"
"2019-09-01 00:00:00-05","2020-04-01 00:00:00-05","240","217","90.41666666666666666700"
"2019-09-01 00:00:00-05","2020-05-01 00:00:00-05","240","215","89.58333333333333333300"
"2019-09-01 00:00:00-05","2020-06-01 00:00:00-05","240","210","87.50000000000000000000"
"2019-09-01 00:00:00-05","2020-07-01 00:00:00-05","240","209","87.08333333333333333300"
"2019-09-01 00:00:00-05","2020-08-01 00:00:00-05","240","209","87.08333333333333333300"
"2019-09-01 00:00:00-05","2020-09-01 00:00:00-05","240","209","87.08333333333333333300"
"2019-09-01 00:00:00-05","2020-10-01 00:00:00-05","240","207","86.25000000000000000000"
"2019-09-01 00:00:00-05","2020-11-01 00:00:00-05","240","207","86.25000000000000000000"
"2019-09-01 00:00:00-05","2020-12-01 00:00:00-05","240","204","85.00000000000000000000"
"2019-09-01 00:00:00-05","2021-01-01 00:00:00-05","240","204","85.00000000000000000000"
"2019-09-01 00:00:00-05","2021-02-01 00:00:00-05","240","204","85.00000000000000000000"
"2019-09-01 00:00:00-05","2021-03-01 00:00:00-05","240","203","84.58333333333333333300"
"2019-09-01 00:00:00-05","2021-04-01 00:00:00-05","240","202","84.16666666666666666700"
"2019-09-01 00:00:00-05","2021-05-01 00:00:00-05","240","200","83.33333333333333333300"
"2019-09-01 00:00:00-05","2021-06-01 00:00:00-05","240","200","83.33333333333333333300"
"2019-09-01 00:00:00-05","2021-07-01 00:00:00-05","240","199","82.91666666666666666700"
"2019-09-01 00:00:00-05","2021-08-01 00:00:00-05","240","198","82.50000000000000000000"
"2019-09-01 00:00:00-05","2021-09-01 00:00:00-05","240","196","81.66666666666666666700"
"2019-09-01 00:00:00-05","2021-10-01 00:00:00-05","240","194","80.83333333333333333300"
"2019-09-01 00:00:00-05","2021-11-01 00:00:00-05","240","194","80.83333333333333333300"
"2019-09-01 00:00:00-05","2021-12-01 00:00:00-05","240","194","80.83333333333333333300"
"2019-09-01 00:00:00-05","2022-01-01 00:00:00-05","240","194","80.83333333333333333300"
"2019-09-01 00:00:00-05","2022-02-01 00:00:00-05","240","194","80.83333333333333333300"
"2019-09-01 00:00:00-05","2022-03-01 00:00:00-05","240","194","80.83333333333333333300"
"2019-09-01 00:00:00-05","2022-04-01 00:00:00-05","240","194","80.83333333333333333300"
"2019-10-01 00:00:00-05","2019-10-01 00:00:00-05","277","277","100.00000000000000000000"
"2019-10-01 00:00:00-05","2019-11-01 00:00:00-05","277","277","100.00000000000000000000"
"2019-10-01 00:00:00-05","2019-12-01 00:00:00-05","277","273","98.55595667870036101100"
"2019-10-01 00:00:00-05","2020-01-01 00:00:00-05","277","272","98.19494584837545126400"
"2019-10-01 00:00:00-05","2020-02-01 00:00:00-05","277","268","96.75090252707581227400"
"2019-10-01 00:00:00-05","2020-03-01 00:00:00-05","277","263","94.94584837545126353800"
"2019-10-01 00:00:00-05","2020-04-01 00:00:00-05","277","259","93.50180505415162454900"
"2019-10-01 00:00:00-05","2020-05-01 00:00:00-05","277","256","92.41877256317689530700"
"2019-10-01 00:00:00-05","2020-06-01 00:00:00-05","277","254","91.69675090252707581200"
"2019-10-01 00:00:00-05","2020-07-01 00:00:00-05","277","253","91.33574007220216606500"
"2019-10-01 00:00:00-05","2020-08-01 00:00:00-05","277","253","91.33574007220216606500"
"2019-10-01 00:00:00-05","2020-09-01 00:00:00-05","277","253","91.33574007220216606500"
"2019-10-01 00:00:00-05","2020-10-01 00:00:00-05","277","251","90.61371841155234657000"
"2019-10-01 00:00:00-05","2020-11-01 00:00:00-05","277","250","90.25270758122743682300"
"2019-10-01 00:00:00-05","2020-12-01 00:00:00-05","277","249","89.89169675090252707600"
"2019-10-01 00:00:00-05","2021-01-01 00:00:00-05","277","248","89.53068592057761732900"
"2019-10-01 00:00:00-05","2021-02-01 00:00:00-05","277","247","89.16967509025270758100"
"2019-10-01 00:00:00-05","2021-03-01 00:00:00-05","277","244","88.08664259927797833900"
"2019-10-01 00:00:00-05","2021-04-01 00:00:00-05","277","242","87.36462093862815884500"
"2019-10-01 00:00:00-05","2021-05-01 00:00:00-05","277","241","87.00361010830324909700"
"2019-10-01 00:00:00-05","2021-06-01 00:00:00-05","277","241","87.00361010830324909700"
"2019-10-01 00:00:00-05","2021-07-01 00:00:00-05","277","240","86.64259927797833935000"
"2019-10-01 00:00:00-05","2021-08-01 00:00:00-05","277","239","86.28158844765342960300"
"2019-10-01 00:00:00-05","2021-09-01 00:00:00-05","277","238","85.92057761732851985600"
"2019-10-01 00:00:00-05","2021-10-01 00:00:00-05","277","237","85.55956678700361010800"
"2019-10-01 00:00:00-05","2021-11-01 00:00:00-05","277","237","85.55956678700361010800"
"2019-10-01 00:00:00-05","2021-12-01 00:00:00-05","277","236","85.19855595667870036100"
"2019-10-01 00:00:00-05","2022-01-01 00:00:00-05","277","236","85.19855595667870036100"
"2019-10-01 00:00:00-05","2022-02-01 00:00:00-05","277","235","84.83754512635379061400"
"2019-10-01 00:00:00-05","2022-03-01 00:00:00-05","277","235","84.83754512635379061400"
"2019-10-01 00:00:00-05","2022-04-01 00:00:00-05","277","235","84.83754512635379061400"
"2019-11-01 00:00:00-05","2019-11-01 00:00:00-05","273","273","100.00000000000000000000"
"2019-11-01 00:00:00-05","2019-12-01 00:00:00-05","273","270","98.90109890109890109900"
"2019-11-01 00:00:00-05","2020-01-01 00:00:00-05","273","266","97.43589743589743589700"
"2019-11-01 00:00:00-05","2020-02-01 00:00:00-05","273","260","95.23809523809523809500"
"2019-11-01 00:00:00-05","2020-03-01 00:00:00-05","273","254","93.04029304029304029300"
"2019-11-01 00:00:00-05","2020-04-01 00:00:00-05","273","244","89.37728937728937728900"
"2019-11-01 00:00:00-05","2020-05-01 00:00:00-05","273","243","89.01098901098901098900"
"2019-11-01 00:00:00-05","2020-06-01 00:00:00-05","273","241","88.27838827838827838800"
"2019-11-01 00:00:00-05","2020-07-01 00:00:00-05","273","241","88.27838827838827838800"
"2019-11-01 00:00:00-05","2020-08-01 00:00:00-05","273","241","88.27838827838827838800"
"2019-11-01 00:00:00-05","2020-09-01 00:00:00-05","273","241","88.27838827838827838800"
"2019-11-01 00:00:00-05","2020-10-01 00:00:00-05","273","238","87.17948717948717948700"
"2019-11-01 00:00:00-05","2020-11-01 00:00:00-05","273","235","86.08058608058608058600"
"2019-11-01 00:00:00-05","2020-12-01 00:00:00-05","273","233","85.34798534798534798500"
"2019-11-01 00:00:00-05","2021-01-01 00:00:00-05","273","233","85.34798534798534798500"
"2019-11-01 00:00:00-05","2021-02-01 00:00:00-05","273","232","84.98168498168498168500"
"2019-11-01 00:00:00-05","2021-03-01 00:00:00-05","273","230","84.24908424908424908400"
"2019-11-01 00:00:00-05","2021-04-01 00:00:00-05","273","228","83.51648351648351648400"
"2019-11-01 00:00:00-05","2021-05-01 00:00:00-05","273","227","83.15018315018315018300"
"2019-11-01 00:00:00-05","2021-06-01 00:00:00-05","273","226","82.78388278388278388300"
"2019-11-01 00:00:00-05","2021-07-01 00:00:00-05","273","223","81.68498168498168498200"
"2019-11-01 00:00:00-05","2021-08-01 00:00:00-05","273","223","81.68498168498168498200"
"2019-11-01 00:00:00-05","2021-09-01 00:00:00-05","273","223","81.68498168498168498200"
"2019-11-01 00:00:00-05","2021-10-01 00:00:00-05","273","222","81.31868131868131868100"
"2019-11-01 00:00:00-05","2021-11-01 00:00:00-05","273","222","81.31868131868131868100"
"2019-11-01 00:00:00-05","2021-12-01 00:00:00-05","273","222","81.31868131868131868100"
"2019-11-01 00:00:00-05","2022-01-01 00:00:00-05","273","222","81.31868131868131868100"
"2019-11-01 00:00:00-05","2022-02-01 00:00:00-05","273","222","81.31868131868131868100"
"2019-11-01 00:00:00-05","2022-03-01 00:00:00-05","273","222","81.31868131868131868100"
"2019-11-01 00:00:00-05","2022-04-01 00:00:00-05","273","222","81.31868131868131868100"
"2019-12-01 00:00:00-05","2019-12-01 00:00:00-05","258","258","100.00000000000000000000"
"2019-12-01 00:00:00-05","2020-01-01 00:00:00-05","258","257","99.61240310077519379800"
"2019-12-01 00:00:00-05","2020-02-01 00:00:00-05","258","253","98.06201550387596899200"
"2019-12-01 00:00:00-05","2020-03-01 00:00:00-05","258","251","97.28682170542635658900"
"2019-12-01 00:00:00-05","2020-04-01 00:00:00-05","258","247","95.73643410852713178300"
"2019-12-01 00:00:00-05","2020-05-01 00:00:00-05","258","237","91.86046511627906976700"
"2019-12-01 00:00:00-05","2020-06-01 00:00:00-05","258","234","90.69767441860465116300"
"2019-12-01 00:00:00-05","2020-07-01 00:00:00-05","258","232","89.92248062015503876000"
"2019-12-01 00:00:00-05","2020-08-01 00:00:00-05","258","232","89.92248062015503876000"
"2019-12-01 00:00:00-05","2020-09-01 00:00:00-05","258","230","89.14728682170542635700"
"2019-12-01 00:00:00-05","2020-10-01 00:00:00-05","258","230","89.14728682170542635700"
"2019-12-01 00:00:00-05","2020-11-01 00:00:00-05","258","227","87.98449612403100775200"
"2019-12-01 00:00:00-05","2020-12-01 00:00:00-05","258","226","87.59689922480620155000"
"2019-12-01 00:00:00-05","2021-01-01 00:00:00-05","258","225","87.20930232558139534900"
"2019-12-01 00:00:00-05","2021-02-01 00:00:00-05","258","224","86.82170542635658914700"
"2019-12-01 00:00:00-05","2021-03-01 00:00:00-05","258","223","86.43410852713178294600"
"2019-12-01 00:00:00-05","2021-04-01 00:00:00-05","258","218","84.49612403100775193800"
"2019-12-01 00:00:00-05","2021-05-01 00:00:00-05","258","214","82.94573643410852713200"
"2019-12-01 00:00:00-05","2021-06-01 00:00:00-05","258","211","81.78294573643410852700"
"2019-12-01 00:00:00-05","2021-07-01 00:00:00-05","258","211","81.78294573643410852700"
"2019-12-01 00:00:00-05","2021-08-01 00:00:00-05","258","211","81.78294573643410852700"
"2019-12-01 00:00:00-05","2021-09-01 00:00:00-05","258","210","81.39534883720930232600"
"2019-12-01 00:00:00-05","2021-10-01 00:00:00-05","258","210","81.39534883720930232600"
"2019-12-01 00:00:00-05","2021-11-01 00:00:00-05","258","209","81.00775193798449612400"
"2019-12-01 00:00:00-05","2021-12-01 00:00:00-05","258","206","79.84496124031007751900"
"2019-12-01 00:00:00-05","2022-01-01 00:00:00-05","258","206","79.84496124031007751900"
"2019-12-01 00:00:00-05","2022-02-01 00:00:00-05","258","205","79.45736434108527131800"
"2019-12-01 00:00:00-05","2022-03-01 00:00:00-05","258","205","79.45736434108527131800"
"2019-12-01 00:00:00-05","2022-04-01 00:00:00-05","258","205","79.45736434108527131800"
"2020-01-01 00:00:00-05","2020-01-01 00:00:00-05","248","248","100.00000000000000000000"
"2020-01-01 00:00:00-05","2020-02-01 00:00:00-05","248","247","99.59677419354838709700"
"2020-01-01 00:00:00-05","2020-03-01 00:00:00-05","248","242","97.58064516129032258100"
"2020-01-01 00:00:00-05","2020-04-01 00:00:00-05","248","229","92.33870967741935483900"
"2020-01-01 00:00:00-05","2020-05-01 00:00:00-05","248","223","89.91935483870967741900"
"2020-01-01 00:00:00-05","2020-06-01 00:00:00-05","248","219","88.30645161290322580600"
"2020-01-01 00:00:00-05","2020-07-01 00:00:00-05","248","217","87.50000000000000000000"
"2020-01-01 00:00:00-05","2020-08-01 00:00:00-05","248","214","86.29032258064516129000"
"2020-01-01 00:00:00-05","2020-09-01 00:00:00-05","248","212","85.48387096774193548400"
"2020-01-01 00:00:00-05","2020-10-01 00:00:00-05","248","210","84.67741935483870967700"
"2020-01-01 00:00:00-05","2020-11-01 00:00:00-05","248","210","84.67741935483870967700"
"2020-01-01 00:00:00-05","2020-12-01 00:00:00-05","248","210","84.67741935483870967700"
"2020-01-01 00:00:00-05","2021-01-01 00:00:00-05","248","208","83.87096774193548387100"
"2020-01-01 00:00:00-05","2021-02-01 00:00:00-05","248","207","83.46774193548387096800"
"2020-01-01 00:00:00-05","2021-03-01 00:00:00-05","248","205","82.66129032258064516100"
"2020-01-01 00:00:00-05","2021-04-01 00:00:00-05","248","205","82.66129032258064516100"
"2020-01-01 00:00:00-05","2021-05-01 00:00:00-05","248","205","82.66129032258064516100"
"2020-01-01 00:00:00-05","2021-06-01 00:00:00-05","248","203","81.85483870967741935500"
"2020-01-01 00:00:00-05","2021-07-01 00:00:00-05","248","203","81.85483870967741935500"
"2020-01-01 00:00:00-05","2021-08-01 00:00:00-05","248","202","81.45161290322580645200"
"2020-01-01 00:00:00-05","2021-09-01 00:00:00-05","248","202","81.45161290322580645200"
"2020-01-01 00:00:00-05","2021-10-01 00:00:00-05","248","201","81.04838709677419354800"
"2020-01-01 00:00:00-05","2021-11-01 00:00:00-05","248","199","80.24193548387096774200"
"2020-01-01 00:00:00-05","2021-12-01 00:00:00-05","248","198","79.83870967741935483900"
"2020-01-01 00:00:00-05","2022-01-01 00:00:00-05","248","197","79.43548387096774193500"
"2020-01-01 00:00:00-05","2022-02-01 00:00:00-05","248","196","79.03225806451612903200"
"2020-01-01 00:00:00-05","2022-03-01 00:00:00-05","248","196","79.03225806451612903200"
"2020-01-01 00:00:00-05","2022-04-01 00:00:00-05","248","196","79.03225806451612903200"
"2020-02-01 00:00:00-05","2020-02-01 00:00:00-05","227","227","100.00000000000000000000"
"2020-02-01 00:00:00-05","2020-03-01 00:00:00-05","227","225","99.11894273127753304000"
"2020-02-01 00:00:00-05","2020-04-01 00:00:00-05","227","221","97.35682819383259911900"
"2020-02-01 00:00:00-05","2020-05-01 00:00:00-05","227","218","96.03524229074889867800"
"2020-02-01 00:00:00-05","2020-06-01 00:00:00-05","227","213","93.83259911894273127800"
"2020-02-01 00:00:00-05","2020-07-01 00:00:00-05","227","211","92.95154185022026431700"
"2020-02-01 00:00:00-05","2020-08-01 00:00:00-05","227","208","91.62995594713656387700"
"2020-02-01 00:00:00-05","2020-09-01 00:00:00-05","227","206","90.74889867841409691600"
"2020-02-01 00:00:00-05","2020-10-01 00:00:00-05","227","206","90.74889867841409691600"
"2020-02-01 00:00:00-05","2020-11-01 00:00:00-05","227","205","90.30837004405286343600"
"2020-02-01 00:00:00-05","2020-12-01 00:00:00-05","227","204","89.86784140969162995600"
"2020-02-01 00:00:00-05","2021-01-01 00:00:00-05","227","204","89.86784140969162995600"
"2020-02-01 00:00:00-05","2021-02-01 00:00:00-05","227","204","89.86784140969162995600"
"2020-02-01 00:00:00-05","2021-03-01 00:00:00-05","227","201","88.54625550660792951500"
"2020-02-01 00:00:00-05","2021-04-01 00:00:00-05","227","197","86.78414096916299559500"
"2020-02-01 00:00:00-05","2021-05-01 00:00:00-05","227","196","86.34361233480176211500"
"2020-02-01 00:00:00-05","2021-06-01 00:00:00-05","227","196","86.34361233480176211500"
"2020-02-01 00:00:00-05","2021-07-01 00:00:00-05","227","194","85.46255506607929515400"
"2020-02-01 00:00:00-05","2021-08-01 00:00:00-05","227","194","85.46255506607929515400"
"2020-02-01 00:00:00-05","2021-09-01 00:00:00-05","227","193","85.02202643171806167400"
"2020-02-01 00:00:00-05","2021-10-01 00:00:00-05","227","193","85.02202643171806167400"
"2020-02-01 00:00:00-05","2021-11-01 00:00:00-05","227","192","84.58149779735682819400"
"2020-02-01 00:00:00-05","2021-12-01 00:00:00-05","227","190","83.70044052863436123300"
"2020-02-01 00:00:00-05","2022-01-01 00:00:00-05","227","190","83.70044052863436123300"
"2020-02-01 00:00:00-05","2022-02-01 00:00:00-05","227","188","82.81938325991189427300"
"2020-02-01 00:00:00-05","2022-03-01 00:00:00-05","227","188","82.81938325991189427300"
"2020-02-01 00:00:00-05","2022-04-01 00:00:00-05","227","187","82.37885462555066079300"
"2020-03-01 00:00:00-05","2020-03-01 00:00:00-05","239","239","100.00000000000000000000"
"2020-03-01 00:00:00-05","2020-04-01 00:00:00-05","239","237","99.16317991631799163200"
"2020-03-01 00:00:00-05","2020-05-01 00:00:00-05","239","233","97.48953974895397489500"
"2020-03-01 00:00:00-05","2020-06-01 00:00:00-05","239","230","96.23430962343096234300"
"2020-03-01 00:00:00-05","2020-07-01 00:00:00-05","239","229","95.81589958158995815900"
"2020-03-01 00:00:00-05","2020-08-01 00:00:00-05","239","226","94.56066945606694560700"
"2020-03-01 00:00:00-05","2020-09-01 00:00:00-05","239","220","92.05020920502092050200"
"2020-03-01 00:00:00-05","2020-10-01 00:00:00-05","239","220","92.05020920502092050200"
"2020-03-01 00:00:00-05","2020-11-01 00:00:00-05","239","218","91.21338912133891213400"
"2020-03-01 00:00:00-05","2020-12-01 00:00:00-05","239","218","91.21338912133891213400"
"2020-03-01 00:00:00-05","2021-01-01 00:00:00-05","239","215","89.95815899581589958200"
"2020-03-01 00:00:00-05","2021-02-01 00:00:00-05","239","213","89.12133891213389121300"
"2020-03-01 00:00:00-05","2021-03-01 00:00:00-05","239","213","89.12133891213389121300"
"2020-03-01 00:00:00-05","2021-04-01 00:00:00-05","239","211","88.28451882845188284500"
"2020-03-01 00:00:00-05","2021-05-01 00:00:00-05","239","211","88.28451882845188284500"
"2020-03-01 00:00:00-05","2021-06-01 00:00:00-05","239","211","88.28451882845188284500"
"2020-03-01 00:00:00-05","2021-07-01 00:00:00-05","239","209","87.44769874476987447700"
"2020-03-01 00:00:00-05","2021-08-01 00:00:00-05","239","206","86.19246861924686192500"
"2020-03-01 00:00:00-05","2021-09-01 00:00:00-05","239","204","85.35564853556485355600"
"2020-03-01 00:00:00-05","2021-10-01 00:00:00-05","239","202","84.51882845188284518800"
"2020-03-01 00:00:00-05","2021-11-01 00:00:00-05","239","202","84.51882845188284518800"
"2020-03-01 00:00:00-05","2021-12-01 00:00:00-05","239","202","84.51882845188284518800"
"2020-03-01 00:00:00-05","2022-01-01 00:00:00-05","239","201","84.10041841004184100400"
"2020-03-01 00:00:00-05","2022-02-01 00:00:00-05","239","201","84.10041841004184100400"
"2020-03-01 00:00:00-05","2022-03-01 00:00:00-05","239","201","84.10041841004184100400"
"2020-03-01 00:00:00-05","2022-04-01 00:00:00-05","239","200","83.68200836820083682000"
"2020-04-01 00:00:00-05","2020-04-01 00:00:00-05","255","255","100.00000000000000000000"
"2020-04-01 00:00:00-05","2020-05-01 00:00:00-05","255","253","99.21568627450980392200"
"2020-04-01 00:00:00-05","2020-06-01 00:00:00-05","255","252","98.82352941176470588200"
"2020-04-01 00:00:00-05","2020-07-01 00:00:00-05","255","250","98.03921568627450980400"
"2020-04-01 00:00:00-05","2020-08-01 00:00:00-05","255","246","96.47058823529411764700"
"2020-04-01 00:00:00-05","2020-09-01 00:00:00-05","255","238","93.33333333333333333300"
"2020-04-01 00:00:00-05","2020-10-01 00:00:00-05","255","235","92.15686274509803921600"
"2020-04-01 00:00:00-05","2020-11-01 00:00:00-05","255","233","91.37254901960784313700"
"2020-04-01 00:00:00-05","2020-12-01 00:00:00-05","255","230","90.19607843137254902000"
"2020-04-01 00:00:00-05","2021-01-01 00:00:00-05","255","228","89.41176470588235294100"
"2020-04-01 00:00:00-05","2021-02-01 00:00:00-05","255","225","88.23529411764705882400"
"2020-04-01 00:00:00-05","2021-03-01 00:00:00-05","255","225","88.23529411764705882400"
"2020-04-01 00:00:00-05","2021-04-01 00:00:00-05","255","222","87.05882352941176470600"
"2020-04-01 00:00:00-05","2021-05-01 00:00:00-05","255","221","86.66666666666666666700"
"2020-04-01 00:00:00-05","2021-06-01 00:00:00-05","255","220","86.27450980392156862700"
"2020-04-01 00:00:00-05","2021-07-01 00:00:00-05","255","220","86.27450980392156862700"
"2020-04-01 00:00:00-05","2021-08-01 00:00:00-05","255","219","85.88235294117647058800"
"2020-04-01 00:00:00-05","2021-09-01 00:00:00-05","255","219","85.88235294117647058800"
"2020-04-01 00:00:00-05","2021-10-01 00:00:00-05","255","219","85.88235294117647058800"
"2020-04-01 00:00:00-05","2021-11-01 00:00:00-05","255","218","85.49019607843137254900"
"2020-04-01 00:00:00-05","2021-12-01 00:00:00-05","255","216","84.70588235294117647100"
"2020-04-01 00:00:00-05","2022-01-01 00:00:00-05","255","215","84.31372549019607843100"
"2020-04-01 00:00:00-05","2022-02-01 00:00:00-05","255","213","83.52941176470588235300"
"2020-04-01 00:00:00-05","2022-03-01 00:00:00-05","255","212","83.13725490196078431400"
"2020-04-01 00:00:00-05","2022-04-01 00:00:00-05","255","211","82.74509803921568627500"
"2020-05-01 00:00:00-05","2020-05-01 00:00:00-05","247","247","100.00000000000000000000"
"2020-05-01 00:00:00-05","2020-06-01 00:00:00-05","247","247","100.00000000000000000000"
"2020-05-01 00:00:00-05","2020-07-01 00:00:00-05","247","243","98.38056680161943319800"
"2020-05-01 00:00:00-05","2020-08-01 00:00:00-05","247","237","95.95141700404858299600"
"2020-05-01 00:00:00-05","2020-09-01 00:00:00-05","247","233","94.33198380566801619400"
"2020-05-01 00:00:00-05","2020-10-01 00:00:00-05","247","229","92.71255060728744939300"
"2020-05-01 00:00:00-05","2020-11-01 00:00:00-05","247","227","91.90283400809716599200"
"2020-05-01 00:00:00-05","2020-12-01 00:00:00-05","247","221","89.47368421052631578900"
"2020-05-01 00:00:00-05","2021-01-01 00:00:00-05","247","218","88.25910931174089068800"
"2020-05-01 00:00:00-05","2021-02-01 00:00:00-05","247","216","87.44939271255060728700"
"2020-05-01 00:00:00-05","2021-03-01 00:00:00-05","247","216","87.44939271255060728700"
"2020-05-01 00:00:00-05","2021-04-01 00:00:00-05","247","216","87.44939271255060728700"
"2020-05-01 00:00:00-05","2021-05-01 00:00:00-05","247","214","86.63967611336032388700"
"2020-05-01 00:00:00-05","2021-06-01 00:00:00-05","247","213","86.23481781376518218600"
"2020-05-01 00:00:00-05","2021-07-01 00:00:00-05","247","213","86.23481781376518218600"
"2020-05-01 00:00:00-05","2021-08-01 00:00:00-05","247","212","85.82995951417004048600"
"2020-05-01 00:00:00-05","2021-09-01 00:00:00-05","247","211","85.42510121457489878500"
"2020-05-01 00:00:00-05","2021-10-01 00:00:00-05","247","210","85.02024291497975708500"
"2020-05-01 00:00:00-05","2021-11-01 00:00:00-05","247","207","83.80566801619433198400"
"2020-05-01 00:00:00-05","2021-12-01 00:00:00-05","247","206","83.40080971659919028300"
"2020-05-01 00:00:00-05","2022-01-01 00:00:00-05","247","204","82.59109311740890688300"
"2020-05-01 00:00:00-05","2022-02-01 00:00:00-05","247","204","82.59109311740890688300"
"2020-05-01 00:00:00-05","2022-03-01 00:00:00-05","247","204","82.59109311740890688300"
"2020-05-01 00:00:00-05","2022-04-01 00:00:00-05","247","203","82.18623481781376518200"
"2020-06-01 00:00:00-05","2020-06-01 00:00:00-05","243","243","100.00000000000000000000"
"2020-06-01 00:00:00-05","2020-07-01 00:00:00-05","243","242","99.58847736625514403300"
"2020-06-01 00:00:00-05","2020-08-01 00:00:00-05","243","238","97.94238683127572016500"
"2020-06-01 00:00:00-05","2020-09-01 00:00:00-05","243","233","95.88477366255144032900"
"2020-06-01 00:00:00-05","2020-10-01 00:00:00-05","243","229","94.23868312757201646100"
"2020-06-01 00:00:00-05","2020-11-01 00:00:00-05","243","225","92.59259259259259259300"
"2020-06-01 00:00:00-05","2020-12-01 00:00:00-05","243","219","90.12345679012345679000"
"2020-06-01 00:00:00-05","2021-01-01 00:00:00-05","243","217","89.30041152263374485600"
"2020-06-01 00:00:00-05","2021-02-01 00:00:00-05","243","215","88.47736625514403292200"
"2020-06-01 00:00:00-05","2021-03-01 00:00:00-05","243","214","88.06584362139917695500"
"2020-06-01 00:00:00-05","2021-04-01 00:00:00-05","243","213","87.65432098765432098800"
"2020-06-01 00:00:00-05","2021-05-01 00:00:00-05","243","213","87.65432098765432098800"
"2020-06-01 00:00:00-05","2021-06-01 00:00:00-05","243","211","86.83127572016460905300"
"2020-06-01 00:00:00-05","2021-07-01 00:00:00-05","243","210","86.41975308641975308600"
"2020-06-01 00:00:00-05","2021-08-01 00:00:00-05","243","208","85.59670781893004115200"
"2020-06-01 00:00:00-05","2021-09-01 00:00:00-05","243","207","85.18518518518518518500"
"2020-06-01 00:00:00-05","2021-10-01 00:00:00-05","243","206","84.77366255144032921800"
"2020-06-01 00:00:00-05","2021-11-01 00:00:00-05","243","200","82.30452674897119341600"
"2020-06-01 00:00:00-05","2021-12-01 00:00:00-05","243","198","81.48148148148148148100"
"2020-06-01 00:00:00-05","2022-01-01 00:00:00-05","243","198","81.48148148148148148100"
"2020-06-01 00:00:00-05","2022-02-01 00:00:00-05","243","196","80.65843621399176954700"
"2020-06-01 00:00:00-05","2022-03-01 00:00:00-05","243","196","80.65843621399176954700"
"2020-06-01 00:00:00-05","2022-04-01 00:00:00-05","243","195","80.24691358024691358000"
"2020-07-01 00:00:00-05","2020-07-01 00:00:00-05","263","263","100.00000000000000000000"
"2020-07-01 00:00:00-05","2020-08-01 00:00:00-05","263","262","99.61977186311787072200"
"2020-07-01 00:00:00-05","2020-09-01 00:00:00-05","263","260","98.85931558935361216700"
"2020-07-01 00:00:00-05","2020-10-01 00:00:00-05","263","253","96.19771863117870722400"
"2020-07-01 00:00:00-05","2020-11-01 00:00:00-05","263","245","93.15589353612167300400"
"2020-07-01 00:00:00-05","2020-12-01 00:00:00-05","263","245","93.15589353612167300400"
"2020-07-01 00:00:00-05","2021-01-01 00:00:00-05","263","242","92.01520912547528517100"
"2020-07-01 00:00:00-05","2021-02-01 00:00:00-05","263","237","90.11406844106463878300"
"2020-07-01 00:00:00-05","2021-03-01 00:00:00-05","263","235","89.35361216730038022800"
"2020-07-01 00:00:00-05","2021-04-01 00:00:00-05","263","234","88.97338403041825095100"
"2020-07-01 00:00:00-05","2021-05-01 00:00:00-05","263","234","88.97338403041825095100"
"2020-07-01 00:00:00-05","2021-06-01 00:00:00-05","263","234","88.97338403041825095100"
"2020-07-01 00:00:00-05","2021-07-01 00:00:00-05","263","232","88.21292775665399239500"
"2020-07-01 00:00:00-05","2021-08-01 00:00:00-05","263","230","87.45247148288973384000"
"2020-07-01 00:00:00-05","2021-09-01 00:00:00-05","263","230","87.45247148288973384000"
"2020-07-01 00:00:00-05","2021-10-01 00:00:00-05","263","228","86.69201520912547528500"
"2020-07-01 00:00:00-05","2021-11-01 00:00:00-05","263","227","86.31178707224334600800"
"2020-07-01 00:00:00-05","2021-12-01 00:00:00-05","263","226","85.93155893536121673000"
"2020-07-01 00:00:00-05","2022-01-01 00:00:00-05","263","225","85.55133079847908745200"
"2020-07-01 00:00:00-05","2022-02-01 00:00:00-05","263","225","85.55133079847908745200"
"2020-07-01 00:00:00-05","2022-03-01 00:00:00-05","263","223","84.79087452471482889700"
"2020-07-01 00:00:00-05","2022-04-01 00:00:00-05","263","221","84.03041825095057034200"
"2020-08-01 00:00:00-05","2020-08-01 00:00:00-05","243","243","100.00000000000000000000"
"2020-08-01 00:00:00-05","2020-09-01 00:00:00-05","243","241","99.17695473251028806600"
"2020-08-01 00:00:00-05","2020-10-01 00:00:00-05","243","238","97.94238683127572016500"
"2020-08-01 00:00:00-05","2020-11-01 00:00:00-05","243","233","95.88477366255144032900"
"2020-08-01 00:00:00-05","2020-12-01 00:00:00-05","243","228","93.82716049382716049400"
"2020-08-01 00:00:00-05","2021-01-01 00:00:00-05","243","226","93.00411522633744856000"
"2020-08-01 00:00:00-05","2021-02-01 00:00:00-05","243","224","92.18106995884773662600"
"2020-08-01 00:00:00-05","2021-03-01 00:00:00-05","243","224","92.18106995884773662600"
"2020-08-01 00:00:00-05","2021-04-01 00:00:00-05","243","223","91.76954732510288065800"
"2020-08-01 00:00:00-05","2021-05-01 00:00:00-05","243","219","90.12345679012345679000"
"2020-08-01 00:00:00-05","2021-06-01 00:00:00-05","243","218","89.71193415637860082300"
"2020-08-01 00:00:00-05","2021-07-01 00:00:00-05","243","217","89.30041152263374485600"
"2020-08-01 00:00:00-05","2021-08-01 00:00:00-05","243","216","88.88888888888888888900"
"2020-08-01 00:00:00-05","2021-09-01 00:00:00-05","243","214","88.06584362139917695500"
"2020-08-01 00:00:00-05","2021-10-01 00:00:00-05","243","213","87.65432098765432098800"
"2020-08-01 00:00:00-05","2021-11-01 00:00:00-05","243","212","87.24279835390946502100"
"2020-08-01 00:00:00-05","2021-12-01 00:00:00-05","243","209","86.00823045267489711900"
"2020-08-01 00:00:00-05","2022-01-01 00:00:00-05","243","209","86.00823045267489711900"
"2020-08-01 00:00:00-05","2022-02-01 00:00:00-05","243","208","85.59670781893004115200"
"2020-08-01 00:00:00-05","2022-03-01 00:00:00-05","243","207","85.18518518518518518500"
"2020-08-01 00:00:00-05","2022-04-01 00:00:00-05","243","207","85.18518518518518518500"
"2020-09-01 00:00:00-05","2020-09-01 00:00:00-05","245","245","100.00000000000000000000"
"2020-09-01 00:00:00-05","2020-10-01 00:00:00-05","245","244","99.59183673469387755100"
"2020-09-01 00:00:00-05","2020-11-01 00:00:00-05","245","242","98.77551020408163265300"
"2020-09-01 00:00:00-05","2020-12-01 00:00:00-05","245","237","96.73469387755102040800"
"2020-09-01 00:00:00-05","2021-01-01 00:00:00-05","245","229","93.46938775510204081600"
"2020-09-01 00:00:00-05","2021-02-01 00:00:00-05","245","228","93.06122448979591836700"
"2020-09-01 00:00:00-05","2021-03-01 00:00:00-05","245","224","91.42857142857142857100"
"2020-09-01 00:00:00-05","2021-04-01 00:00:00-05","245","222","90.61224489795918367300"
"2020-09-01 00:00:00-05","2021-05-01 00:00:00-05","245","219","89.38775510204081632700"
"2020-09-01 00:00:00-05","2021-06-01 00:00:00-05","245","219","89.38775510204081632700"
"2020-09-01 00:00:00-05","2021-07-01 00:00:00-05","245","217","88.57142857142857142900"
"2020-09-01 00:00:00-05","2021-08-01 00:00:00-05","245","215","87.75510204081632653100"
"2020-09-01 00:00:00-05","2021-09-01 00:00:00-05","245","214","87.34693877551020408200"
"2020-09-01 00:00:00-05","2021-10-01 00:00:00-05","245","211","86.12244897959183673500"
"2020-09-01 00:00:00-05","2021-11-01 00:00:00-05","245","211","86.12244897959183673500"
"2020-09-01 00:00:00-05","2021-12-01 00:00:00-05","245","211","86.12244897959183673500"
"2020-09-01 00:00:00-05","2022-01-01 00:00:00-05","245","209","85.30612244897959183700"
"2020-09-01 00:00:00-05","2022-02-01 00:00:00-05","245","208","84.89795918367346938800"
"2020-09-01 00:00:00-05","2022-03-01 00:00:00-05","245","208","84.89795918367346938800"
"2020-09-01 00:00:00-05","2022-04-01 00:00:00-05","245","207","84.48979591836734693900"
"2020-10-01 00:00:00-05","2020-10-01 00:00:00-05","245","245","100.00000000000000000000"
"2020-10-01 00:00:00-05","2020-11-01 00:00:00-05","245","243","99.18367346938775510200"
"2020-10-01 00:00:00-05","2020-12-01 00:00:00-05","245","242","98.77551020408163265300"
"2020-10-01 00:00:00-05","2021-01-01 00:00:00-05","245","237","96.73469387755102040800"
"2020-10-01 00:00:00-05","2021-02-01 00:00:00-05","245","235","95.91836734693877551000"
"2020-10-01 00:00:00-05","2021-03-01 00:00:00-05","245","233","95.10204081632653061200"
"2020-10-01 00:00:00-05","2021-04-01 00:00:00-05","245","231","94.28571428571428571400"
"2020-10-01 00:00:00-05","2021-05-01 00:00:00-05","245","228","93.06122448979591836700"
"2020-10-01 00:00:00-05","2021-06-01 00:00:00-05","245","225","91.83673469387755102000"
"2020-10-01 00:00:00-05","2021-07-01 00:00:00-05","245","223","91.02040816326530612200"
"2020-10-01 00:00:00-05","2021-08-01 00:00:00-05","245","221","90.20408163265306122400"
"2020-10-01 00:00:00-05","2021-09-01 00:00:00-05","245","219","89.38775510204081632700"
"2020-10-01 00:00:00-05","2021-10-01 00:00:00-05","245","218","88.97959183673469387800"
"2020-10-01 00:00:00-05","2021-11-01 00:00:00-05","245","217","88.57142857142857142900"
"2020-10-01 00:00:00-05","2021-12-01 00:00:00-05","245","216","88.16326530612244898000"
"2020-10-01 00:00:00-05","2022-01-01 00:00:00-05","245","216","88.16326530612244898000"
"2020-10-01 00:00:00-05","2022-02-01 00:00:00-05","245","214","87.34693877551020408200"
"2020-10-01 00:00:00-05","2022-03-01 00:00:00-05","245","209","85.30612244897959183700"
"2020-10-01 00:00:00-05","2022-04-01 00:00:00-05","245","209","85.30612244897959183700"
"2020-11-01 00:00:00-05","2020-11-01 00:00:00-05","280","280","100.00000000000000000000"
"2020-11-01 00:00:00-05","2020-12-01 00:00:00-05","280","278","99.28571428571428571400"
"2020-11-01 00:00:00-05","2021-01-01 00:00:00-05","280","275","98.21428571428571428600"
"2020-11-01 00:00:00-05","2021-02-01 00:00:00-05","280","274","97.85714285714285714300"
"2020-11-01 00:00:00-05","2021-03-01 00:00:00-05","280","270","96.42857142857142857100"
"2020-11-01 00:00:00-05","2021-04-01 00:00:00-05","280","264","94.28571428571428571400"
"2020-11-01 00:00:00-05","2021-05-01 00:00:00-05","280","259","92.50000000000000000000"
"2020-11-01 00:00:00-05","2021-06-01 00:00:00-05","280","257","91.78571428571428571400"
"2020-11-01 00:00:00-05","2021-07-01 00:00:00-05","280","255","91.07142857142857142900"
"2020-11-01 00:00:00-05","2021-08-01 00:00:00-05","280","255","91.07142857142857142900"
"2020-11-01 00:00:00-05","2021-09-01 00:00:00-05","280","254","90.71428571428571428600"
"2020-11-01 00:00:00-05","2021-10-01 00:00:00-05","280","254","90.71428571428571428600"
"2020-11-01 00:00:00-05","2021-11-01 00:00:00-05","280","252","90.00000000000000000000"
"2020-11-01 00:00:00-05","2021-12-01 00:00:00-05","280","250","89.28571428571428571400"
"2020-11-01 00:00:00-05","2022-01-01 00:00:00-05","280","249","88.92857142857142857100"
"2020-11-01 00:00:00-05","2022-02-01 00:00:00-05","280","249","88.92857142857142857100"
"2020-11-01 00:00:00-05","2022-03-01 00:00:00-05","280","249","88.92857142857142857100"
"2020-11-01 00:00:00-05","2022-04-01 00:00:00-05","280","247","88.21428571428571428600"
"2020-12-01 00:00:00-05","2020-12-01 00:00:00-05","242","242","100.00000000000000000000"
"2020-12-01 00:00:00-05","2021-01-01 00:00:00-05","242","242","100.00000000000000000000"
"2020-12-01 00:00:00-05","2021-02-01 00:00:00-05","242","240","99.17355371900826446300"
"2020-12-01 00:00:00-05","2021-03-01 00:00:00-05","242","236","97.52066115702479338800"
"2020-12-01 00:00:00-05","2021-04-01 00:00:00-05","242","230","95.04132231404958677700"
"2020-12-01 00:00:00-05","2021-05-01 00:00:00-05","242","227","93.80165289256198347100"
"2020-12-01 00:00:00-05","2021-06-01 00:00:00-05","242","222","91.73553719008264462800"
"2020-12-01 00:00:00-05","2021-07-01 00:00:00-05","242","218","90.08264462809917355400"
"2020-12-01 00:00:00-05","2021-08-01 00:00:00-05","242","216","89.25619834710743801700"
"2020-12-01 00:00:00-05","2021-09-01 00:00:00-05","242","215","88.84297520661157024800"
"2020-12-01 00:00:00-05","2021-10-01 00:00:00-05","242","214","88.42975206611570247900"
"2020-12-01 00:00:00-05","2021-11-01 00:00:00-05","242","213","88.01652892561983471100"
"2020-12-01 00:00:00-05","2021-12-01 00:00:00-05","242","211","87.19008264462809917400"
"2020-12-01 00:00:00-05","2022-01-01 00:00:00-05","242","210","86.77685950413223140500"
"2020-12-01 00:00:00-05","2022-02-01 00:00:00-05","242","210","86.77685950413223140500"
"2020-12-01 00:00:00-05","2022-03-01 00:00:00-05","242","210","86.77685950413223140500"
"2020-12-01 00:00:00-05","2022-04-01 00:00:00-05","242","208","85.95041322314049586800"
"2021-01-01 00:00:00-05","2021-01-01 00:00:00-05","260","260","100.00000000000000000000"
"2021-01-01 00:00:00-05","2021-02-01 00:00:00-05","260","257","98.84615384615384615400"
"2021-01-01 00:00:00-05","2021-03-01 00:00:00-05","260","257","98.84615384615384615400"
"2021-01-01 00:00:00-05","2021-04-01 00:00:00-05","260","251","96.53846153846153846200"
"2021-01-01 00:00:00-05","2021-05-01 00:00:00-05","260","244","93.84615384615384615400"
"2021-01-01 00:00:00-05","2021-06-01 00:00:00-05","260","235","90.38461538461538461500"
"2021-01-01 00:00:00-05","2021-07-01 00:00:00-05","260","231","88.84615384615384615400"
"2021-01-01 00:00:00-05","2021-08-01 00:00:00-05","260","228","87.69230769230769230800"
"2021-01-01 00:00:00-05","2021-09-01 00:00:00-05","260","225","86.53846153846153846200"
"2021-01-01 00:00:00-05","2021-10-01 00:00:00-05","260","224","86.15384615384615384600"
"2021-01-01 00:00:00-05","2021-11-01 00:00:00-05","260","222","85.38461538461538461500"
"2021-01-01 00:00:00-05","2021-12-01 00:00:00-05","260","222","85.38461538461538461500"
"2021-01-01 00:00:00-05","2022-01-01 00:00:00-05","260","219","84.23076923076923076900"
"2021-01-01 00:00:00-05","2022-02-01 00:00:00-05","260","219","84.23076923076923076900"
"2021-01-01 00:00:00-05","2022-03-01 00:00:00-05","260","217","83.46153846153846153800"
"2021-01-01 00:00:00-05","2022-04-01 00:00:00-05","260","216","83.07692307692307692300"
"2021-02-01 00:00:00-05","2021-02-01 00:00:00-05","232","232","100.00000000000000000000"
"2021-02-01 00:00:00-05","2021-03-01 00:00:00-05","232","232","100.00000000000000000000"
"2021-02-01 00:00:00-05","2021-04-01 00:00:00-05","232","226","97.41379310344827586200"
"2021-02-01 00:00:00-05","2021-05-01 00:00:00-05","232","220","94.82758620689655172400"
"2021-02-01 00:00:00-05","2021-06-01 00:00:00-05","232","210","90.51724137931034482800"
"2021-02-01 00:00:00-05","2021-07-01 00:00:00-05","232","208","89.65517241379310344800"
"2021-02-01 00:00:00-05","2021-08-01 00:00:00-05","232","205","88.36206896551724137900"
"2021-02-01 00:00:00-05","2021-09-01 00:00:00-05","232","201","86.63793103448275862100"
"2021-02-01 00:00:00-05","2021-10-01 00:00:00-05","232","198","85.34482758620689655200"
"2021-02-01 00:00:00-05","2021-11-01 00:00:00-05","232","195","84.05172413793103448300"
"2021-02-01 00:00:00-05","2021-12-01 00:00:00-05","232","194","83.62068965517241379300"
"2021-02-01 00:00:00-05","2022-01-01 00:00:00-05","232","194","83.62068965517241379300"
"2021-02-01 00:00:00-05","2022-02-01 00:00:00-05","232","193","83.18965517241379310300"
"2021-02-01 00:00:00-05","2022-03-01 00:00:00-05","232","191","82.32758620689655172400"
"2021-02-01 00:00:00-05","2022-04-01 00:00:00-05","232","190","81.89655172413793103400"
"2021-03-01 00:00:00-05","2021-03-01 00:00:00-05","283","283","100.00000000000000000000"
"2021-03-01 00:00:00-05","2021-04-01 00:00:00-05","283","281","99.29328621908127208500"
"2021-03-01 00:00:00-05","2021-05-01 00:00:00-05","283","278","98.23321554770318021200"
"2021-03-01 00:00:00-05","2021-06-01 00:00:00-05","283","275","97.17314487632508833900"
"2021-03-01 00:00:00-05","2021-07-01 00:00:00-05","283","273","96.46643109540636042400"
"2021-03-01 00:00:00-05","2021-08-01 00:00:00-05","283","267","94.34628975265017667800"
"2021-03-01 00:00:00-05","2021-09-01 00:00:00-05","283","264","93.28621908127208480600"
"2021-03-01 00:00:00-05","2021-10-01 00:00:00-05","283","263","92.93286219081272084800"
"2021-03-01 00:00:00-05","2021-11-01 00:00:00-05","283","262","92.57950530035335689000"
"2021-03-01 00:00:00-05","2021-12-01 00:00:00-05","283","262","92.57950530035335689000"
"2021-03-01 00:00:00-05","2022-01-01 00:00:00-05","283","261","92.22614840989399293300"
"2021-03-01 00:00:00-05","2022-02-01 00:00:00-05","283","259","91.51943462897526501800"
"2021-03-01 00:00:00-05","2022-03-01 00:00:00-05","283","257","90.81272084805653710200"
"2021-03-01 00:00:00-05","2022-04-01 00:00:00-05","283","257","90.81272084805653710200"
"2021-04-01 00:00:00-05","2021-04-01 00:00:00-05","261","261","100.00000000000000000000"
"2021-04-01 00:00:00-05","2021-05-01 00:00:00-05","261","258","98.85057471264367816100"
"2021-04-01 00:00:00-05","2021-06-01 00:00:00-05","261","257","98.46743295019157088100"
"2021-04-01 00:00:00-05","2021-07-01 00:00:00-05","261","252","96.55172413793103448300"
"2021-04-01 00:00:00-05","2021-08-01 00:00:00-05","261","244","93.48659003831417624500"
"2021-04-01 00:00:00-05","2021-09-01 00:00:00-05","261","243","93.10344827586206896600"
"2021-04-01 00:00:00-05","2021-10-01 00:00:00-05","261","237","90.80459770114942528700"
"2021-04-01 00:00:00-05","2021-11-01 00:00:00-05","261","232","88.88888888888888888900"
"2021-04-01 00:00:00-05","2021-12-01 00:00:00-05","261","231","88.50574712643678160900"
"2021-04-01 00:00:00-05","2022-01-01 00:00:00-05","261","230","88.12260536398467433000"
"2021-04-01 00:00:00-05","2022-02-01 00:00:00-05","261","229","87.73946360153256705000"
"2021-04-01 00:00:00-05","2022-03-01 00:00:00-05","261","228","87.35632183908045977000"
"2021-04-01 00:00:00-05","2022-04-01 00:00:00-05","261","225","86.20689655172413793100"
"2021-05-01 00:00:00-05","2021-05-01 00:00:00-05","249","249","100.00000000000000000000"
"2021-05-01 00:00:00-05","2021-06-01 00:00:00-05","249","248","99.59839357429718875500"
"2021-05-01 00:00:00-05","2021-07-01 00:00:00-05","249","246","98.79518072289156626500"
"2021-05-01 00:00:00-05","2021-08-01 00:00:00-05","249","243","97.59036144578313253000"
"2021-05-01 00:00:00-05","2021-09-01 00:00:00-05","249","235","94.37751004016064257000"
"2021-05-01 00:00:00-05","2021-10-01 00:00:00-05","249","230","92.36947791164658634500"
"2021-05-01 00:00:00-05","2021-11-01 00:00:00-05","249","227","91.16465863453815261000"
"2021-05-01 00:00:00-05","2021-12-01 00:00:00-05","249","223","89.55823293172690763100"
"2021-05-01 00:00:00-05","2022-01-01 00:00:00-05","249","221","88.75502008032128514100"
"2021-05-01 00:00:00-05","2022-02-01 00:00:00-05","249","219","87.95180722891566265100"
"2021-05-01 00:00:00-05","2022-03-01 00:00:00-05","249","219","87.95180722891566265100"
"2021-05-01 00:00:00-05","2022-04-01 00:00:00-05","249","216","86.74698795180722891600"
"2021-06-01 00:00:00-05","2021-06-01 00:00:00-05","237","237","100.00000000000000000000"
"2021-06-01 00:00:00-05","2021-07-01 00:00:00-05","237","236","99.57805907172995780600"
"2021-06-01 00:00:00-05","2021-08-01 00:00:00-05","237","231","97.46835443037974683500"
"2021-06-01 00:00:00-05","2021-09-01 00:00:00-05","237","223","94.09282700421940928300"
"2021-06-01 00:00:00-05","2021-10-01 00:00:00-05","237","220","92.82700421940928270000"
"2021-06-01 00:00:00-05","2021-11-01 00:00:00-05","237","218","91.98312236286919831200"
"2021-06-01 00:00:00-05","2021-12-01 00:00:00-05","237","215","90.71729957805907173000"
"2021-06-01 00:00:00-05","2022-01-01 00:00:00-05","237","213","89.87341772151898734200"
"2021-06-01 00:00:00-05","2022-02-01 00:00:00-05","237","211","89.02953586497890295400"
"2021-06-01 00:00:00-05","2022-03-01 00:00:00-05","237","208","87.76371308016877637100"
"2021-06-01 00:00:00-05","2022-04-01 00:00:00-05","237","207","87.34177215189873417700"
"2021-07-01 00:00:00-05","2021-07-01 00:00:00-05","248","248","100.00000000000000000000"
"2021-07-01 00:00:00-05","2021-08-01 00:00:00-05","248","248","100.00000000000000000000"
"2021-07-01 00:00:00-05","2021-09-01 00:00:00-05","248","247","99.59677419354838709700"
"2021-07-01 00:00:00-05","2021-10-01 00:00:00-05","248","242","97.58064516129032258100"
"2021-07-01 00:00:00-05","2021-11-01 00:00:00-05","248","240","96.77419354838709677400"
"2021-07-01 00:00:00-05","2021-12-01 00:00:00-05","248","234","94.35483870967741935500"
"2021-07-01 00:00:00-05","2022-01-01 00:00:00-05","248","225","90.72580645161290322600"
"2021-07-01 00:00:00-05","2022-02-01 00:00:00-05","248","221","89.11290322580645161300"
"2021-07-01 00:00:00-05","2022-03-01 00:00:00-05","248","218","87.90322580645161290300"
"2021-07-01 00:00:00-05","2022-04-01 00:00:00-05","248","218","87.90322580645161290300"
"2021-08-01 00:00:00-05","2021-08-01 00:00:00-05","248","248","100.00000000000000000000"
"2021-08-01 00:00:00-05","2021-09-01 00:00:00-05","248","247","99.59677419354838709700"
"2021-08-01 00:00:00-05","2021-10-01 00:00:00-05","248","243","97.98387096774193548400"
"2021-08-01 00:00:00-05","2021-11-01 00:00:00-05","248","240","96.77419354838709677400"
"2021-08-01 00:00:00-05","2021-12-01 00:00:00-05","248","236","95.16129032258064516100"
"2021-08-01 00:00:00-05","2022-01-01 00:00:00-05","248","233","93.95161290322580645200"
"2021-08-01 00:00:00-05","2022-02-01 00:00:00-05","248","230","92.74193548387096774200"
"2021-08-01 00:00:00-05","2022-03-01 00:00:00-05","248","227","91.53225806451612903200"
"2021-08-01 00:00:00-05","2022-04-01 00:00:00-05","248","224","90.32258064516129032300"
"2021-09-01 00:00:00-05","2021-09-01 00:00:00-05","250","250","100.00000000000000000000"
"2021-09-01 00:00:00-05","2021-10-01 00:00:00-05","250","247","98.80000000000000000000"
"2021-09-01 00:00:00-05","2021-11-01 00:00:00-05","250","245","98.00000000000000000000"
"2021-09-01 00:00:00-05","2021-12-01 00:00:00-05","250","241","96.40000000000000000000"
"2021-09-01 00:00:00-05","2022-01-01 00:00:00-05","250","234","93.60000000000000000000"
"2021-09-01 00:00:00-05","2022-02-01 00:00:00-05","250","232","92.80000000000000000000"
"2021-09-01 00:00:00-05","2022-03-01 00:00:00-05","250","227","90.80000000000000000000"
"2021-09-01 00:00:00-05","2022-04-01 00:00:00-05","250","221","88.40000000000000000000"
"2021-10-01 00:00:00-05","2021-10-01 00:00:00-05","252","252","100.00000000000000000000"
"2021-10-01 00:00:00-05","2021-11-01 00:00:00-05","252","252","100.00000000000000000000"
"2021-10-01 00:00:00-05","2021-12-01 00:00:00-05","252","250","99.20634920634920634900"
"2021-10-01 00:00:00-05","2022-01-01 00:00:00-05","252","243","96.42857142857142857100"
"2021-10-01 00:00:00-05","2022-02-01 00:00:00-05","252","237","94.04761904761904761900"
"2021-10-01 00:00:00-05","2022-03-01 00:00:00-05","252","232","92.06349206349206349200"
"2021-10-01 00:00:00-05","2022-04-01 00:00:00-05","252","227","90.07936507936507936500"
"2021-11-01 00:00:00-05","2021-11-01 00:00:00-05","250","250","100.00000000000000000000"
"2021-11-01 00:00:00-05","2021-12-01 00:00:00-05","250","250","100.00000000000000000000"
"2021-11-01 00:00:00-05","2022-01-01 00:00:00-05","250","247","98.80000000000000000000"
"2021-11-01 00:00:00-05","2022-02-01 00:00:00-05","250","241","96.40000000000000000000"
"2021-11-01 00:00:00-05","2022-03-01 00:00:00-05","250","238","95.20000000000000000000"
"2021-11-01 00:00:00-05","2022-04-01 00:00:00-05","250","235","94.00000000000000000000"
"2021-12-01 00:00:00-05","2021-12-01 00:00:00-05","287","287","100.00000000000000000000"
"2021-12-01 00:00:00-05","2022-01-01 00:00:00-05","287","287","100.00000000000000000000"
"2021-12-01 00:00:00-05","2022-02-01 00:00:00-05","287","285","99.30313588850174216000"
"2021-12-01 00:00:00-05","2022-03-01 00:00:00-05","287","274","95.47038327526132404200"
"2021-12-01 00:00:00-05","2022-04-01 00:00:00-05","287","269","93.72822299651567944300"
"2022-01-01 00:00:00-05","2022-01-01 00:00:00-05","253","253","100.00000000000000000000"
"2022-01-01 00:00:00-05","2022-02-01 00:00:00-05","253","252","99.60474308300395256900"
"2022-01-01 00:00:00-05","2022-03-01 00:00:00-05","253","252","99.60474308300395256900"
"2022-01-01 00:00:00-05","2022-04-01 00:00:00-05","253","244","96.44268774703557312300"
"2022-02-01 00:00:00-05","2022-02-01 00:00:00-05","243","243","100.00000000000000000000"
"2022-02-01 00:00:00-05","2022-03-01 00:00:00-05","243","242","99.58847736625514403300"
"2022-02-01 00:00:00-05","2022-04-01 00:00:00-05","243","241","99.17695473251028806600"
"2022-03-01 00:00:00-05","2022-03-01 00:00:00-05","270","270","100.00000000000000000000"
"2022-03-01 00:00:00-05","2022-04-01 00:00:00-05","270","266","98.51851851851851851900"
"2022-04-01 00:00:00-05","2022-04-01 00:00:00-05","119","119","100.00000000000000000000"
